{
    "intrinsic": {
        "width": 1920,
        "height": 1080,
        "intrinsic_matrix": [
            [
                935.3074360871938,
                0.0,
                959.5
            ],
            [
                0.0,
                935.3074360871938,
                539.5
            ],
            [
                0.0,
                0.0,
                1.0
            ]
        ]
    },
    "extrinsic": [
        [
            0.29036475102222525,
            0.8818020237310987,
            0.3716362499912247,
            0.020032545201970682
        ],
        [
            0.808670254103028,
            -0.4337575249677726,
            0.3973749232938289,
            0.010686030471272812
        ],
        [
            0.5116060315249864,
            0.18514751004961158,
            -0.8390349623404758,
            0.21087363456647906
        ],
        [
            0.0,
            0.0,
            0.0,
            1.0
        ]
    ]
}